id,is_terminated,is_working,is_available,lastWorked,busyTime,up_time,idle_time,efficiency,created_time
i4-f4,true,false,true,8999.997665,1268.865769,3310.690000,2041.824231,0.383263,5689.322000
i3-f3,true,false,true,9000.016005,2522.617363,6337.064000,3814.446637,0.398074,2662.948000
i0-f0,true,false,true,8996.681638,3533.499179,9000.012000,5466.512821,0.392610,0.000000
i1-f1,true,false,true,5689.322079,2074.657409,5989.302079,3914.644670,0.346394,0.020000
i2-f2,true,false,true,2662.948696,988.150057,2953.352696,1965.202639,0.334586,9.596000
