id,is_terminated,is_working,is_available,lastWorked,busyTime,up_time,idle_time,efficiency,created_time
i3-f3,true,false,true,9000.022860,3363.396911,8334.572000,4971.175089,0.403548,665.442000
i5-f5,true,false,true,8999.955694,552.697519,1514.997000,962.299481,0.364818,7485.017000
i4-f4,true,false,true,8997.345362,1686.713633,4537.119000,2850.405367,0.371759,4462.895000
i1-f1,true,false,true,7485.017375,2873.332994,7784.996375,4911.663381,0.369086,0.021000
i2-f2,true,false,true,4462.895503,1635.746865,4761.661503,3125.914638,0.343524,1.234000
i0-f0,true,false,true,665.443004,265.758711,965.443004,699.684293,0.275271,0.000000
