id,is_terminated,is_working,is_available,lastWorked,busyTime,up_time,idle_time,efficiency,created_time
i1-f1,true,false,true,35999.964540,2588.364465,35997.147291,33408.782826,0.071905,2.921709
i0-f0,true,false,true,35989.828864,2558.266775,36000.069000,33441.802225,0.071063,0.000000
