id,is_terminated,is_working,is_available,lastWorked,busyTime,up_time,idle_time,efficiency,created_time
i4-f4,true,false,true,9000.012333,3041.465350,8581.653816,5540.188466,0.354415,418.361184
i8-f0,true,false,true,8999.942733,417.337398,1149.729344,732.391946,0.362988,7850.285656
i5-f5,true,false,true,8991.780181,2501.092145,7039.166000,4538.073855,0.355311,1960.849000
i6-f6,true,false,true,7950.062062,1928.151844,5838.072074,3909.920230,0.330272,2411.989988
i7-f7,true,false,true,6598.453924,95.291395,572.369709,477.078314,0.166486,6326.084215
i3-f3,true,false,true,2413.756841,861.782554,2712.810132,1851.027578,0.317672,0.946709
i1-f1,true,false,true,1960.852141,719.399364,2260.803141,1541.403777,0.318205,0.049000
i0-f0,true,false,true,419.112880,152.304491,719.112880,566.808389,0.211795,0.000000
i2-f2,true,false,true,3.740421,2.944739,302.944739,300.000000,0.009720,0.795682
