id,is_terminated,is_working,is_available,lastWorked,busyTime,up_time,idle_time,efficiency,created_time
1,true,false,true,35999.984312,2588.801959,35997.061291,33408.259332,0.071917,3.058709
0,true,false,true,35986.848864,2558.266775,36000.120000,33441.853225,0.071063,0.000000
